id,name,status_name,type_name,agency_name,age,date_of_birth,date_of_death,nationality__nationality_name
168,Oleg Kononenko,Active,Government,Russian Federal Space Agency (ROSCOSMOS),61.0,1964-06-21,,
217,Gennady Padalka,Retired,Government,Russian Federal Space Agency (ROSCOSMOS),67.0,1958-06-21,,
190,Yuri Malenchenko,Retired,Government,Russian Federal Space Agency (ROSCOSMOS),63.0,1961-12-22,,
174,Sergei Krikalev,Retired,Government,Russian Federal Space Agency (ROSCOSMOS),67.0,1958-08-27,,
160,Aleksandr Kaleri,Active,Government,Russian Federal Space Agency (ROSCOSMOS),69.0,1956-05-13,,
65,Sergei Avdeyev,Retired,Government,Russian Federal Space Agency (ROSCOSMOS),69.0,1956-01-01,,
252,Anton Shkaplerov,Active,Government,Russian Federal Space Agency (ROSCOSMOS),53.0,1972-02-20,,
513,Peggy Whitson,Active,Private,Axiom Space,65.0,1960-02-09,,
224,Valeri Polyakov,Deceased,Government,Russian Federal Space Agency (ROSCOSMOS),80.0,1942-04-27,2022-09-19,
294,Fyodor Yurchikhin,Active,Government,Russian Federal Space Agency (ROSCOSMOS),66.0,1959-01-03,,
257,Anatoly Solovyev,Retired,Government,Russian Federal Space Agency (ROSCOSMOS),77.0,1948-01-16,,
537,Sunita Williams,Active,Government,National Aeronautics and Space Administration,59.0,1965-09-19,,
216,Aleksey Ovchinin,Active,Government,Russian Federal Space Agency (ROSCOSMOS),53.0,1971-09-28,,
505,Donald Pettit,Active,Government,National Aeronautics and Space Administration,70.0,1955-04-20,,
584,Sergey Prokopyev,Active,Government,Russian Federal Space Agency (ROSCOSMOS),50.0,1975-02-19,,
17,Oleg Artemyev,Active,Government,Russian Federal Space Agency (ROSCOSMOS),54.0,1970-12-28,,
56,Viktor Afanasyev,Retired,Government,Russian Federal Space Agency (ROSCOSMOS),76.0,1948-12-31,,
274,Yury Usachov,Retired,Government,Russian Federal Space Agency (ROSCOSMOS),67.0,1957-10-09,,
282,Sergey Aleksandrovich Volkov,Retired,Government,Russian Federal Space Agency (ROSCOSMOS),52.0,1973-04-01,,
278,Pavel Vinogradov,Active,Government,Russian Federal Space Agency (ROSCOSMOS),72.0,1953-08-31,,
256,Aleksandr Skvortsov,Retired,Government,Russian Federal Space Agency (ROSCOSMOS),59.0,1966-05-06,,
212,Oleg Novitskiy,Active,Government,Russian Federal Space Agency (ROSCOSMOS),53.0,1971-10-12,,
195,Musa Manarov,Retired,Government,Russian Federal Space Agency (ROSCOSMOS),74.0,1951-03-22,,
255,Oleg Skripochka,Retired,Government,Russian Federal Space Agency (ROSCOSMOS),55.0,1969-12-24,,
514,Jeffrey Williams,Active,Government,National Aeronautics and Space Administration,67.0,1958-01-18,,
273,Mikhail Tyurin,Retired,Government,Russian Federal Space Agency (ROSCOSMOS),65.0,1960-03-02,,
171,Oleg Kotov,Retired,Government,Russian Federal Space Agency (ROSCOSMOS),59.0,1965-10-27,,
567,Mark T. Vande Hei,Active,Government,National Aeronautics and Space Administration,58.0,1966-11-10,,
489,Scott Kelly,Retired,Government,National Aeronautics and Space Administration,61.0,1964-02-21,,
169,Mikhail Kornienko,Retired,Government,Russian Federal Space Agency (ROSCOSMOS),65.0,1960-04-15,,
585,Sergey Ryzhikov,Active,Government,Russian Federal Space Agency (ROSCOSMOS),51.0,1974-08-19,,
285,Koichi Wakata,Active,Government,Japan Aerospace Exploration Agency,62.0,1963-08-01,,
277,Aleksandr Viktorenko,Deceased,Government,Russian Federal Space Agency (ROSCOSMOS),76.0,1947-03-29,2023-08-10,
154,Anatoli Ivanishin,Retired,Government,Russian Federal Space Agency (ROSCOSMOS),56.0,1969-01-15,,
543,Barry E. Wilmore,Retired,Government,National Aeronautics and Space Administration,62.0,1962-12-29,,
544,Michael Barratt,Active,Government,National Aeronautics and Space Administration,66.0,1959-04-16,,
83,Nikolai Budarin,Retired,Government,Russian Federal Space Agency (ROSCOSMOS),62.0,1963-04-29,,
234,Yury Romanenko,Retired,Government,Russian Federal Space Agency (ROSCOSMOS),81.0,1944-08-01,,
646,Ivan Vagner,Active,Government,Russian Federal Space Agency (ROSCOSMOS),40.0,1985-07-10,,
500,Edward Michael Fincke,Active,Government,National Aeronautics and Space Administration,58.0,1967-03-14,,
1,Thomas Pesquet,Active,Government,European Space Agency,47.0,1978-02-27,,
281,Aleksandr Aleksandrovich Volkov,Retired,Government,Russian Federal Space Agency (ROSCOSMOS),77.0,1948-05-27,,
215,Yury Onufriyenko,Retired,Government,Russian Federal Space Agency (ROSCOSMOS),64.0,1961-02-06,,
556,Robert S. Kimbrough,Retired,Government,National Aeronautics and Space Administration,58.0,1967-06-04,,
267,Vladimir Georgiyevich Titov,Retired,Government,Russian Federal Space Agency (ROSCOSMOS),78.0,1947-01-01,,
272,Vasily Tsibliyev,Retired,Government,Russian Federal Space Agency (ROSCOSMOS),71.0,1954-02-20,,
170,Valery Korzun,Retired,Government,Russian Federal Space Agency (ROSCOSMOS),72.0,1953-03-05,,
555,Christopher Cassidy,Retired,Government,National Aeronautics and Space Administration,55.0,1970-01-04,,
162,Leonid Kizim,Deceased,Government,Russian Federal Space Agency (ROSCOSMOS),68.0,1941-08-05,2010-06-14,
666,Ye Guangfu,Active,Government,China National Space Administration,45.0,1980-09-01,,
9,Nick Hague,Active,Government,National Aeronautics and Space Administration,49.0,1975-09-24,,
733,Nikolai Chub,Active,Government,Russian Federal Space Agency (ROSCOSMOS),41.0,1984-06-10,,
417,Michael Foale,Retired,Government,National Aeronautics and Space Administration,68.0,1957-01-06,,
246,Aleksandr Serebrov,Deceased,Government,Russian Federal Space Agency (ROSCOSMOS),69.0,1944-02-15,2013-11-12,
524,Tracy Caldwell Dyson,Active,Government,National Aeronautics and Space Administration,56.0,1969-08-14,,
238,Valery Ryumin,Retired,Government,Russian Federal Space Agency (ROSCOSMOS),86.0,1939-08-16,,
652,Dmitriy Petelin,Active,Government,Russian Federal Space Agency (ROSCOSMOS),42.0,1983-07-10,,
581,Francisco Rubio,Active,Government,National Aeronautics and Space Administration,48.0,1976-12-11,,
90,Samantha Cristoforetti,Active,Government,European Space Agency,48.0,1977-04-26,,
218,Luca Parmitano,Active,Government,European Space Agency,48.0,1976-09-27,,
110,Satoshi Furukawa,Active,Government,Japan Aerospace Exploration Agency,61.0,1964-04-04,,
731,Cai Xuzhe,Active,Government,China National Space Administration,49.0,1976-05-01,,
12,Alexander Gerst,Active,Government,European Space Agency,49.0,1976-05-03,,
258,Vladimir Solovyov,Retired,Government,Russian Federal Space Agency (ROSCOSMOS),78.0,1946-11-11,,
650,Pyotr Dubrov,Active,Government,Russian Federal Space Agency (ROSCOSMOS),47.0,1978-01-30,,
7,Anne McClain,Active,Government,National Aeronautics and Space Administration,46.0,1979-06-07,,
230,Thomas Reiter,Retired,Government,European Space Agency,67.0,1958-05-23,,
86,Chen Dong,Active,Government,China National Space Administration,46.0,1978-12-12,,
198,Alexander Misurkin,Active,Government,Russian Federal Space Agency (ROSCOSMOS),47.0,1977-09-23,,
211,Soichi Noguchi,Retired,Government,Japan Aerospace Exploration Agency,60.0,1965-04-15,,
204,Talgat Musabayev,Retired,Government,Russian Federal Space Agency (ROSCOSMOS),74.0,1951-01-07,,
150,Akihiko Hoshide,Active,Government,Japan Aerospace Exploration Agency,56.0,1968-12-28,,
557,Thomas Marshburn,Retired,Government,National Aeronautics and Space Administration,65.0,1960-08-29,,
82,Andrei Borisenko,Retired,Government,Russian Federal Space Agency (ROSCOSMOS),61.0,1964-04-17,,
260,Maksim Surayev,Retired,Government,Russian Federal Space Agency (ROSCOSMOS),53.0,1972-05-24,,
14,Michael S. Hopkins,Retired,Government,National Aeronautics and Space Administration,56.0,1968-12-28,,
233,Roman Romanenko,Retired,Government,Russian Federal Space Agency (ROSCOSMOS),54.0,1971-08-09,,
187,Vladimir Lyakhov,Deceased,Government,Russian Federal Space Agency (ROSCOSMOS),76.0,1941-07-20,2018-04-19,
239,Aleksandr Samokutyayev,Retired,Government,Russian Federal Space Agency (ROSCOSMOS),55.0,1970-03-13,,
559,Shannon Walker,Retired,Government,National Aeronautics and Space Administration,60.0,1965-06-04,,
113,Yuri Gidzenko,Retired,Government,Russian Federal Space Agency (ROSCOSMOS),63.0,1962-03-26,,
635,Christina Koch,Active,Government,National Aeronautics and Space Administration,46.0,1979-01-29,,
207,Paolo Nespoli,Retired,Government,European Space Agency,68.0,1957-04-06,,
564,Kjell N. Lindgren,Active,Government,National Aeronautics and Space Administration,52.0,1973-01-23,,
194,Gennadi Manakov,Deceased,Government,Russian Federal Space Agency (ROSCOSMOS),69.0,1950-06-01,2019-09-26,
60,Aleksandr Pavlovich Aleksandrov,Retired,Government,Russian Federal Space Agency (ROSCOSMOS),82.0,1943-02-20,,
560,Joseph M. Acaba,Active,Government,National Aeronautics and Space Administration,58.0,1967-05-17,,
237,Sergey Ryazansky,Retired,Government,Russian Federal Space Agency (ROSCOSMOS),50.0,1974-11-13,,
565,Kathleen Rubins,Retired,Government,National Aeronautics and Space Administration,46.0,1978-10-14,,
453,Michael López-Alegría,Active,Private,Axiom Space,67.0,1958-05-30,,
684,Tang Hongbo,Active,Government,China National Space Administration,49.0,1975-10-01,,
8,Andrew R. Morgan,Active,Government,National Aeronautics and Space Administration,49.0,1976-02-05,,
259,Gennadi Strekalov,Deceased,Government,Russian Federal Space Agency (ROSCOSMOS),64.0,1940-10-26,2004-12-25,
214,Takuya Onishi,Active,Government,Japan Aerospace Exploration Agency,49.0,1975-12-22,,
242,Viktor Savinykh,Retired,Government,Russian Federal Space Agency (ROSCOSMOS),85.0,1940-03-07,,
92,Vladimir Dezhurov,Retired,Government,Russian Federal Space Agency (ROSCOSMOS),63.0,1962-07-30,,
549,Timothy Kopra,Retired,Government,National Aeronautics and Space Administration,62.0,1963-04-09,,
63,Oleg Atkov,Retired,Government,Russian Federal Space Agency (ROSCOSMOS),76.0,1949-05-09,,
755,Alexander Grebenkin,In-Training,Government,Russian Federal Space Agency (ROSCOSMOS),43.0,1982-07-15,,
562,Jeanette J. Epps,Retired,Government,National Aeronautics and Space Administration,54.0,1970-11-03,,
577,Matthew Dominick,Active,Government,National Aeronautics and Space Administration,43.0,1981-12-07,,
438,Carl E. Walz,Retired,Government,National Aeronautics and Space Administration,69.0,1955-09-06,,
429,Leroy Chiao,Retired,Government,National Aeronautics and Space Administration,65.0,1960-08-28,,
13,Richard Mastracchio,Retired,Government,National Aeronautics and Space Administration,65.0,1960-02-11,,
428,Daniel W. Bursch,Retired,Government,National Aeronautics and Space Administration,68.0,1957-07-25,,
546,Stephen Bowen,Active,Government,National Aeronautics and Space Administration,61.0,1964-02-13,,
18,Andrew J. Feustel,Retired,Government,National Aeronautics and Space Administration,60.0,1965-08-25,,
433,William S. McArthur,Retired,Government,National Aeronautics and Space Administration,74.0,1951-07-26,,
352,Shannon Lucid,Retired,Government,National Aeronautics and Space Administration,82.0,1943-01-14,,
180,Valentin Lebedev,Retired,Government,Russian Federal Space Agency (ROSCOSMOS),83.0,1942-04-14,,
172,Vladimir Kovalyonok,Retired,Government,Russian Federal Space Agency (ROSCOSMOS),82.0,1943-03-03,,
10,Terry W. Virts,Retired,Government,National Aeronautics and Space Administration,57.0,1967-12-01,,
550,K. Megan McArthur,Retired,Government,National Aeronautics and Space Administration,54.0,1971-08-30,,
409,Ken Bowersox,Retired,Government,National Aeronautics and Space Administration,68.0,1956-11-14,,
79,Anatoly Berezovoy,Deceased,Government,Russian Federal Space Agency (ROSCOSMOS),72.0,1942-04-11,2014-09-20,
132,Susan Helms,Retired,Government,National Aeronautics and Space Administration,67.0,1958-02-26,,
19,Richard R. Arnold,Retired,Government,National Aeronautics and Space Administration,61.0,1963-11-26,,
626,Jean-Pierre Haigneré,Retired,Government,National Center of Space Research,77.0,1948-05-19,,
199,Andreas Mogensen,Active,Government,European Space Agency,48.0,1976-11-02,,
480,Ed Lu,Retired,Government,National Aeronautics and Space Administration,62.0,1963-07-01,,
265,Robert Thirsk,Retired,Government,Canadian Space Agency,72.0,1953-08-17,,
573,Jessica Meir,Active,Government,National Aeronautics and Space Administration,48.0,1977-07-01,,
507,John L. Phillips,Retired,Government,National Aeronautics and Space Administration,74.0,1951-04-15,,
176,André Kuipers,Retired,Government,European Space Agency,66.0,1958-10-05,,
580,Loral O'Hara,Active,Government,National Aeronautics and Space Administration,42.0,1983-05-03,,
6,David Saint-Jacques,Active,Government,Canadian Space Agency,55.0,1970-01-06,,
421,James S. Voss,Retired,Government,National Aeronautics and Space Administration,76.0,1949-03-03,,
157,Jing Haipeng,Active,Government,China National Space Administration,58.0,1966-10-24,,
250,Salizhan Sharipov,Retired,Government,Russian Federal Space Agency (ROSCOSMOS),61.0,1964-08-24,,
186,Yury Lonchakov,Retired,Government,Russian Federal Space Agency (ROSCOSMOS),60.0,1965-03-04,,
226,Leonid Popov,Retired,Government,Russian Federal Space Agency (ROSCOSMOS),80.0,1945-08-31,,
269,Valeri Tokarev,Retired,Government,Russian Federal Space Agency (ROSCOSMOS),72.0,1952-10-29,,
756,Konstantin Borisov,Active,Government,Russian Federal Space Agency (ROSCOSMOS),41.0,1984-08-14,,
579,Jasmin Moghbeli,Active,Government,National Aeronautics and Space Administration,42.0,1983-06-24,,
525,Gregory Chamitoff,Retired,Government,National Aeronautics and Space Administration,63.0,1962-08-06,,
91,Frank De Winne,Retired,Government,European Space Agency,64.0,1961-04-25,,
287,Wang Yaping,Active,Government,China National Space Administration,45.0,1980-01-27,,
20,Serena Auñón-Chancellor,Retired,Government,National Aeronautics and Space Administration,49.0,1976-04-09,,
535,Steven Swanson,Retired,Government,National Aeronautics and Space Administration,64.0,1960-12-03,,
185,Liu Yang,Active,Government,China National Space Administration,46.0,1978-10-06,,
663,Denis Matveev,Active,Government,Russian Federal Space Agency (ROSCOSMOS),42.0,1983-04-23,,
651,Sergey Korsakov,Active,Government,Russian Federal Space Agency (ROSCOSMOS),41.0,1984-09-01,,
528,Michael E. Fossum,Retired,Government,National Aeronautics and Space Administration,67.0,1957-12-19,,
797,Guangsu Li,Active,Government,China National Space Administration,38.0,1987-07-01,,
796,Cong Li,Active,Government,China National Space Administration,35.0,1989-10-01,,
103,Fei Junlong,Active,Government,China National Space Administration,60.0,1965-05-05,,
495,Daniel C. Burbank,Retired,Government,National Aeronautics and Space Administration,64.0,1961-07-27,,
782,Shengjie Tang,Active,Government,China National Space Administration,35.0,1989-12-01,,
783,Xinlin Jiang,Active,Government,China National Space Administration,37.0,1988-02-01,,
752,Zhang Lu,Active,Government,China National Space Administration,48.0,1976-11-01,,
665,Deng Qingming,Active,Government,China National Space Administration,59.0,1966-03-16,,
145,Warren Hoburg,Active,Government,National Aeronautics and Space Administration,39.0,1985-09-16,,
732,Andrei Fedyaev,Active,Government,Russian Federal Space Agency (ROSCOSMOS),44.0,1981-02-26,,
740,Sultan Al Neyadi,Active,Government,Mohammed bin Rashid Space Centre,44.0,1981-05-23,,
3,Tim Peake,Retired,Government,European Space Agency,53.0,1972-04-07,,
296,Zhai Zhigang,Active,Government,China National Space Administration,58.0,1966-10-10,,
647,Sergey Kud-Sverchkov,Active,Government,Russian Federal Space Agency (ROSCOSMOS),42.0,1983-08-23,,
270,Sergei Treshchov,Retired,Government,Russian Federal Space Agency (ROSCOSMOS),67.0,1958-08-18,,
179,Aleksandr Lazutkin,Retired,Government,Russian Federal Space Agency (ROSCOSMOS),67.0,1957-10-30,,
817,Lingdong Song,Active,Government,China National Space Administration,35.0,1990-08-01,,
818,Haozhe Wang,Active,Government,China National Space Administration,35.0,1990-03-01,,
447,Catherine Coleman,Retired,Government,National Aeronautics and Space Administration,64.0,1960-12-14,,
551,Karen Nyberg,Retired,Government,National Aeronautics and Space Administration,55.0,1969-10-07,,
66,Aleksandr Nikolayevich Balandin,Retired,Government,Russian Federal Space Agency (ROSCOSMOS),72.0,1953-07-30,,
223,Aleksandr Poleshchuk,Retired,Government,Russian Federal Space Agency (ROSCOSMOS),71.0,1953-10-30,,
166,Yelena Kondakova,Retired,Government,Russian Federal Space Agency (ROSCOSMOS),68.0,1957-03-30,,
536,Douglas H. Wheelock,Active,Government,National Aeronautics and Space Administration,65.0,1960-05-05,,
542,Ronald J. Garan Jr.,Retired,Government,National Aeronautics and Space Administration,63.0,1961-10-30,,
458,Andy Thomas,Retired,Government,National Aeronautics and Space Administration,73.0,1951-12-18,,
653,Matthias Maurer,Active,Government,European Space Agency,55.0,1970-03-18,,
576,Raja Chari,Active,Government,National Aeronautics and Space Administration,48.0,1977-06-24,,
574,Kayla Barron,Active,Government,National Aeronautics and Space Administration,37.0,1987-09-19,,
177,Aleksandr Laveykin,Retired,Government,Russian Federal Space Agency (ROSCOSMOS),74.0,1951-04-21,,
293,Kimiya Yui,Active,Government,Japan Aerospace Exploration Agency,55.0,1970-01-30,,
785,Aleksandr Gorbunov,Active,Government,Russian Federal Space Agency (ROSCOSMOS),35.0,1990-05-24,,
142,Robert Hines,Active,Government,National Aeronautics and Space Administration,50.0,1975-01-11,,
582,Jessica Watkins,Active,Government,National Aeronautics and Space Administration,37.0,1988-05-14,,
440,David Wolf,Retired,Government,National Aeronautics and Space Administration,69.0,1956-08-23,,
566,Scott D. Tingle,Active,Government,National Aeronautics and Space Administration,60.0,1965-07-19,,
569,Norishige Kanai,Active,Government,Japan Aerospace Exploration Agency,48.0,1976-12-05,,
571,Victor J. Glover,Active,Government,National Aeronautics and Space Administration,49.0,1976-04-30,,
247,Yelena Serova,Retired,Government,Russian Federal Space Agency (ROSCOSMOS),49.0,1976-04-22,,
523,Clayton Anderson,Retired,Government,National Aeronautics and Space Administration,66.0,1959-02-23,,
5,Chris Hadfield,Retired,Government,Canadian Space Agency,66.0,1959-08-29,,
568,Gregory R. Wiseman,Active,Government,National Aeronautics and Space Administration,49.0,1975-11-11,,
526,Timothy Creamer,Retired,Government,National Aeronautics and Space Administration,65.0,1959-11-15,,
363,John E. Blaha,Retired,Government,National Aeronautics and Space Administration,83.0,1942-08-26,,
394,William Shepherd,Retired,Government,National Aeronautics and Space Administration,76.0,1949-07-26,,
167,Dmitri Kondratyev,Retired,Government,Russian Federal Space Agency (ROSCOSMOS),56.0,1969-05-25,,
541,Kevin A. Ford,Retired,Government,National Aeronautics and Space Administration,65.0,1960-07-07,,
649,Anna Kikina,Active,Government,Russian Federal Space Agency (ROSCOSMOS),41.0,1984-08-27,,
572,Nicole Aunapu Mann,Active,Government,National Aeronautics and Space Administration,48.0,1977-06-27,,
570,Josh A. Cassada,Retired,Government,National Aeronautics and Space Administration,52.0,1973-07-18,,
502,Sandra Magnus,Retired,Government,National Aeronautics and Space Administration,60.0,1964-10-30,,
765,Haichao Gui,Active,Government,China National Space Administration,38.0,1986-11-01,,
764,Yangzhu Zhu,Active,Government,China National Space Administration,39.0,1986-09-01,,
553,Randolph Bresnik,Active,Government,National Aeronautics and Space Administration,57.0,1967-09-11,,
807,Alexey Zubritsky,Active,Government,Russian Federal Space Agency (ROSCOSMOS),33.0,1992-08-22,,
578,Jonny Kim,Active,Government,National Aeronautics and Space Administration,41.0,1984-02-05,,
803,Kirill Peskov,Active,Government,Russian Federal Space Agency (ROSCOSMOS),35.0,1990-05-01,,
706,Nichole Ayers,Active,Government,National Aeronautics and Space Administration,36.0,1989-01-01,,
153,Aleksandr Ivanchenkov,Retired,Government,Russian Federal Space Agency (ROSCOSMOS),84.0,1940-09-28,,
97,Vladimir Dzhanibekov,Retired,Government,Russian Federal Space Agency (ROSCOSMOS),83.0,1942-05-13,,
61,Anatoly Artsebarsky,Retired,Government,Russian Federal Space Agency (ROSCOSMOS),68.0,1956-09-09,,
262,Evgeny Tarelkin,Retired,Government,Russian Federal Space Agency (ROSCOSMOS),50.0,1974-12-29,,
383,Frank L. Culbertson Jr.,Retired,Government,National Aeronautics and Space Administration,76.0,1949-05-15,,
451,Jerry M. Linenger,Retired,Government,National Aeronautics and Space Administration,70.0,1955-01-09,,
586,Norman E. Thagard,Retired,Government,National Aeronautics and Space Administration,82.0,1943-07-03,,
563,Jack D. Fischer,Retired,Government,National Aeronautics and Space Administration,51.0,1974-01-23,,
116,Georgy Grechko,Deceased,Government,Russian Federal Space Agency (ROSCOSMOS),85.0,1931-05-25,2017-04-08,
511,Daniel M. Tani,Retired,Government,National Aeronautics and Space Administration,64.0,1961-02-01,,
841,Jie Wang,Active,Government,China National Space Administration,36.0,1989-09-01,,
840,Zhongrui Chen,Active,Government,China National Space Administration,40.0,1984-10-01,,
232,Sergei Revin,Retired,Government,Russian Federal Space Agency (ROSCOSMOS),59.0,1966-01-12,,
209,Nie Haisheng,Active,Government,China National Space Administration,60.0,1964-10-13,,
516,Garrett Reisman,Retired,Government,National Aeronautics and Space Administration,57.0,1968-02-10,,
552,Nicole Stott,Retired,Government,National Aeronautics and Space Administration,62.0,1962-11-19,,
183,Liu Boming,Active,Government,China National Space Administration,58.0,1966-09-16,,
545,Robert L. Behnken,Retired,Government,National Aeronautics and Space Administration,55.0,1970-07-28,,
15,Douglas G. Hurley,Retired,Government,National Aeronautics and Space Administration,58.0,1966-10-21,,
303,Gerald P. Carr,Deceased,Government,National Aeronautics and Space Administration,88.0,1932-08-22,2020-08-26,
314,William R. Pogue,Deceased,Government,National Aeronautics and Space Administration,84.0,1930-01-23,2014-03-03,
51,Edward Gibson,Retired,Government,National Aeronautics and Space Administration,88.0,1936-11-08,,
295,Sergei Zalyotin,Retired,Government,Russian Federal Space Agency (ROSCOSMOS),63.0,1962-04-21,,
248,Vitaly Sevastyanov,Deceased,Government,Russian Federal Space Agency (ROSCOSMOS),74.0,1935-07-08,2010-04-05,
163,Pyotr Klimuk,Retired,Government,Russian Federal Space Agency (ROSCOSMOS),83.0,1942-07-10,,
50,Owen K. Garriott,Deceased,Government,National Aeronautics and Space Administration,88.0,1930-11-22,2019-04-15,
99,Léopold Eyharts,Active,Government,European Space Agency,68.0,1957-04-28,,
444,Kent Rominger,Retired,Government,National Aeronautics and Space Administration,69.0,1956-08-07,,
372,Franklin Chang Díaz,Retired,Government,National Aeronautics and Space Administration,75.0,1950-04-05,,
386,Jim Wetherbee,Retired,Government,National Aeronautics and Space Administration,72.0,1952-11-27,,
275,Vladimir Vasyutin,Deceased,Government,Russian Federal Space Agency (ROSCOSMOS),50.0,1952-03-08,2002-07-19,
422,Kenneth Cockrell,Retired,Government,National Aeronautics and Space Administration,75.0,1950-04-09,,
405,Tamara E. Jernigan,Retired,Government,National Aeronautics and Space Administration,66.0,1959-05-07,,
471,Steven Lindsey,Retired,Government,National Aeronautics and Space Administration,65.0,1960-08-24,,
452,Richard M. Linnehan,Retired,Government,National Aeronautics and Space Administration,67.0,1957-09-19,,
310,Jack R. Lousma,Retired,Government,National Aeronautics and Space Administration,89.0,1936-02-29,,
449,John M. Grunsfeld,Retired,Government,National Aeronautics and Space Administration,66.0,1958-10-10,,
378,Jerry L. Ross,Retired,Government,National Aeronautics and Space Administration,77.0,1948-01-20,,
454,Scott E. Parazynski,Retired,Government,National Aeronautics and Space Administration,64.0,1961-07-28,,
410,Curtis Brown,Retired,Government,National Aeronautics and Space Administration,69.0,1956-03-11,,
391,Marsha Ivins,Retired,Government,National Aeronautics and Space Administration,74.0,1951-04-15,,
324,Story Musgrave,Retired,Government,National Aeronautics and Space Administration,90.0,1935-08-19,,
488,Mark Kelly,Retired,Government,National Aeronautics and Space Administration,61.0,1964-02-21,,
432,Thomas David Jones,Retired,Government,National Aeronautics and Space Administration,70.0,1955-01-22,,
443,Kevin R. Kregel,Retired,Government,National Aeronautics and Space Administration,68.0,1956-09-16,,
121,James Halsell,Retired,Government,National Aeronautics and Space Administration,68.0,1956-09-29,,
284,Boris Volynov,Retired,Government,Russian Federal Space Agency (ROSCOSMOS),90.0,1934-12-18,,
460,Scott Altman,Retired,Government,National Aeronautics and Space Administration,66.0,1959-08-15,,
474,Frederick W. Sturckow,Active,Private,Virgin Galactic,64.0,1961-08-11,,
450,Wendy B. Lawrence,Retired,Government,National Aeronautics and Space Administration,66.0,1959-07-02,,
146,Jeffrey Hoffman,Retired,Government,National Aeronautics and Space Administration,80.0,1944-11-02,,
374,Bonnie J. Dunbar,Retired,Government,National Aeronautics and Space Administration,76.0,1949-03-03,,
196,Ulf Merbold,Retired,Government,European Space Agency,84.0,1941-06-20,,
298,Vitaly Zholobov,Retired,Government,Russian Federal Space Agency (ROSCOSMOS),88.0,1937-06-18,,
441,Janice E. Voss,Deceased,Government,National Aeronautics and Space Administration,55.0,1956-10-08,2012-02-06,
464,Dominic L. Pudwill Gorie,Retired,Government,National Aeronautics and Space Administration,68.0,1957-05-02,,
483,Stephen Robinson,Retired,Government,National Aeronautics and Space Administration,69.0,1955-10-26,,
149,Scott Horowitz,Retired,Government,National Aeronautics and Space Administration,68.0,1957-03-24,,
439,Peter Wisoff,Retired,Government,National Aeronautics and Space Administration,67.0,1958-08-16,,
135,Terence Henricks,Retired,Government,National Aeronautics and Space Administration,73.0,1952-07-05,,
457,Joseph R. Tanner,Retired,Government,National Aeronautics and Space Administration,75.0,1950-01-21,,
88,Jean-Loup Chrétien,Retired,Government,National Center of Space Research,87.0,1938-08-20,,
434,James H. Newman,Retired,Government,National Aeronautics and Space Administration,68.0,1956-10-16,,
437,Donald A. Thomas,Retired,Government,National Aeronautics and Space Administration,70.0,1955-05-06,,
448,Michael L. Gernhardt,Retired,Government,National Aeronautics and Space Administration,69.0,1956-05-04,,
515,Stephanie Wilson,Active,Government,National Aeronautics and Space Administration,58.0,1966-09-27,,
2,Claude Nicollier,Retired,Government,European Space Agency,81.0,1944-09-02,,
427,Terrence W. Wilcutt,Retired,Government,National Aeronautics and Space Administration,75.0,1949-10-31,,
442,Brent W. Jett Jr.,Retired,Government,National Aeronautics and Space Administration,66.0,1958-10-05,,
431,Nancy J. Currie-Gregg,Retired,Government,National Aeronautics and Space Administration,66.0,1958-12-29,,
493,Mark L. Polansky,Retired,Government,National Aeronautics and Space Administration,69.0,1956-06-02,,
435,Ellen Ochoa,Retired,Government,National Aeronautics and Space Administration,67.0,1958-05-10,,
399,Brian Duffy,Retired,Government,National Aeronautics and Space Administration,72.0,1953-06-20,,
395,Kathryn C. Thornton,Retired,Government,National Aeronautics and Space Administration,73.0,1952-08-17,,
16,Christopher Ferguson,Active,Commercial,Boeing,64.0,1961-09-01,,
397,Michael A. Baker,Retired,Government,National Aeronautics and Space Administration,71.0,1953-10-27,,
456,Steven Smith,Retired,Government,National Aeronautics and Space Administration,66.0,1958-12-30,,
501,Patrick G. Forrester,Retired,Government,National Aeronautics and Space Administration,68.0,1957-03-31,,
426,Richard A. Searfoss,Deceased,Government,National Aeronautics and Space Administration,62.0,1956-06-05,2018-09-29,
425,Charles J. Precourt,Retired,Government,National Aeronautics and Space Administration,70.0,1955-06-29,,
472,Pamela Melroy,Retired,Government,National Aeronautics and Space Administration,63.0,1961-09-17,,
404,Linda M. Godwin,Retired,Government,National Aeronautics and Space Administration,73.0,1952-07-02,,
398,Robert D. Cabana,Retired,Government,National Aeronautics and Space Administration,76.0,1949-01-23,,
408,Andrew M. Allen,Retired,Government,National Aeronautics and Space Administration,70.0,1955-08-04,,
477,Robert Curbeam,Retired,Government,National Aeronautics and Space Administration,63.0,1962-03-05,,
117,Aleksei Gubarev,Deceased,Government,Russian Federal Space Agency (ROSCOSMOS),83.0,1931-03-29,2015-02-21,
512,Rex J. Walheim,Retired,Government,National Aeronautics and Space Administration,62.0,1962-10-10,,
423,Eileen Collins,Retired,Government,National Aeronautics and Space Administration,68.0,1956-11-19,,
144,"Charles ""Scorch"" Hobaugh",Retired,Government,National Aeronautics and Space Administration,63.0,1961-11-05,,
337,Robert L. Gibson,Retired,Government,National Aeronautics and Space Administration,78.0,1946-10-30,,
279,Roberto Vittori,Active,Government,European Space Agency,60.0,1964-10-15,,
482,James F. Reilly,Retired,Government,National Aeronautics and Space Administration,71.0,1954-03-18,,
509,Piers Sellers,Died While In Active Service,Government,National Aeronautics and Space Administration,61.0,1955-04-11,2016-12-23,
602,Jerome Apt,Retired,Government,National Aeronautics and Space Administration,76.0,1949-04-28,,
382,John Casper,Retired,Government,National Aeronautics and Space Administration,82.0,1943-07-09,,
126,Gregory Harbaugh,Retired,Government,National Aeronautics and Space Administration,69.0,1956-04-15,,
415,Thomas Akers,Retired,Government,National Aeronautics and Space Administration,74.0,1951-05-20,,
400,Stephen S. Oswald,Retired,Government,National Aeronautics and Space Administration,74.0,1951-06-30,,
369,Richard N. Richards,Retired,Government,National Aeronautics and Space Administration,79.0,1946-08-24,,
479,Janet L. Kavandi,Retired,Government,National Aeronautics and Space Administration,66.0,1959-07-17,,
317,Paul J. Weitz,Deceased,Government,National Aeronautics and Space Administration,85.0,1932-07-25,2017-10-22,
333,Daniel Brandenstein,Retired,Government,National Aeronautics and Space Administration,82.0,1943-01-17,,
392,Mark C. Lee,Retired,Government,National Aeronautics and Space Administration,73.0,1952-08-14,,
462,Michael J. Bloomfield,Retired,Government,National Aeronautics and Space Administration,66.0,1959-03-16,,
834,Oleg Vladimirovich Platonov,Active,Government,Russian Federal Space Agency (ROSCOSMOS),29.0,1996-06-27,,
575,Zena Cardman,Active,Government,National Aeronautics and Space Administration,37.0,1987-10-26,,
131,Steven Hawley,Retired,Government,National Aeronautics and Space Administration,73.0,1951-12-12,,
139,Richard Hieb,Retired,Government,National Aeronautics and Space Administration,69.0,1955-09-21,,
476,Kalpana Chawla,Lost In Flight,Government,National Aeronautics and Space Administration,40.0,1962-03-17,2003-02-01,
519,Gregory H. Johnson,Retired,Government,National Aeronautics and Space Administration,63.0,1962-05-12,,
94,Takao Doi,Retired,Government,Japan Aerospace Exploration Agency,70.0,1954-09-18,,
301,Vance D. Brand,Retired,Government,National Aeronautics and Space Administration,94.0,1931-05-09,,
445,Daniel T. Barry,Retired,Government,National Aeronautics and Space Administration,71.0,1953-12-30,,
115,Viktor Gorbatko,Deceased,Government,Russian Federal Space Agency (ROSCOSMOS),82.0,1934-12-03,2017-05-17,
345,David M. Walker,Deceased,Government,National Aeronautics and Space Administration,56.0,1944-05-20,2001-04-23,
359,Margaret Rhea Seddon,Retired,Government,National Aeronautics and Space Administration,77.0,1947-11-08,,
341,Steven R. Nagel,Deceased,Government,National Aeronautics and Space Administration,67.0,1946-10-27,2014-08-21,
34,Jim Lovell,Deceased,Government,National Aeronautics and Space Administration,97.0,1928-03-25,2025-08-07,
393,G. David Low,Deceased,Government,National Aeronautics and Space Administration,52.0,1956-02-19,2008-03-15,
406,Carl J. Meade,Retired,Government,National Aeronautics and Space Administration,74.0,1950-11-16,,
478,Kathryn P. Hire,Retired,Government,National Aeronautics and Space Administration,66.0,1959-08-26,,
411,Kevin P. Chilton,Retired,Government,National Aeronautics and Space Administration,70.0,1954-11-03,,
112,Marc Garneau,Deceased,Government,Canadian Space Agency,76.0,1949-02-23,2025-06-04,
522,George D. Zamka,Retired,Government,National Aeronautics and Space Administration,63.0,1962-06-29,,
283,Vladislav Volkov,Lost In Flight,Government,Russian Federal Space Agency (ROSCOSMOS),35.0,1935-11-23,1971-06-30,
347,Guion Bluford,Retired,Government,National Aeronautics and Space Administration,82.0,1942-11-22,,
288,Dafydd Williams,Retired,Government,Canadian Space Agency,71.0,1954-05-16,,
540,Eric Boe,Active,Government,National Aeronautics and Space Administration,60.0,1964-10-01,,
388,Ellen S. Baker,Retired,Government,National Aeronautics and Space Administration,72.0,1953-04-27,,
364,Charles Bolden,Retired,Government,National Aeronautics and Space Administration,79.0,1946-08-19,,
89,Jean-François Clervoy,Active,Government,European Space Agency,66.0,1958-11-19,,
416,Jan Davis,Retired,Government,National Aeronautics and Space Administration,71.0,1953-11-01,,
53,Joseph P. Kerwin,Retired,Government,National Aeronautics and Space Administration,93.0,1932-02-19,,
413,William F. Readdy,Retired,Government,National Aeronautics and Space Administration,73.0,1952-01-24,,
521,Alan G. Poindexter,Deceased,Government,National Aeronautics and Space Administration,50.0,1961-11-05,2012-07-01,
430,Michael R. Clifford,Retired,Government,National Aeronautics and Space Administration,72.0,1952-10-13,,
532,John D. Olivas,Retired,Government,National Aeronautics and Space Administration,59.0,1966-05-25,,
461,Jeffrey Ashby,Retired,Government,National Aeronautics and Space Administration,71.0,1954-06-16,,
510,Heidemarie Stefanyshyn-Piper,Retired,Government,National Aeronautics and Space Administration,62.0,1963-02-07,,
490,Paul Lockhart,Retired,Government,National Aeronautics and Space Administration,69.0,1956-04-28,,
118,Umberto Guidoni,Retired,Government,European Space Agency,71.0,1954-08-18,,
407,Pierre J. Thuot,Retired,Government,National Aeronautics and Space Administration,70.0,1955-05-19,,
487,James M. Kelly,Retired,Government,National Aeronautics and Space Administration,61.0,1964-05-14,,
335,Richard O. Covey,Retired,Government,National Aeronautics and Space Administration,79.0,1946-08-01,,
108,Christer Fuglesang,Retired,Government,European Space Agency,68.0,1957-03-18,,
517,Lee Archambault,Retired,Government,National Aeronautics and Space Administration,65.0,1960-08-25,,
533,Nicholas Patrick,Retired,Government,National Aeronautics and Space Administration,60.0,1964-11-19,,
619,Charles Simonyi,Retired,Non-Astronaut Passenger,,76.0,1948-09-10,,
527,Michael Foreman,Retired,Government,National Aeronautics and Space Administration,68.0,1957-03-29,,
367,Ronald J. Grabe,Retired,Government,National Aeronautics and Space Administration,80.0,1945-06-13,,
152,Rick Husband,Lost In Flight,Government,National Aeronautics and Space Administration,45.0,1957-07-12,2003-02-01,
120,Claudie Haigneré,Retired,Government,European Space Agency,68.0,1957-05-13,,
600,Samuel T. Durrance,Deceased,Payload Specialist,National Aeronautics and Space Administration,79.0,1943-09-17,2023-05-05,
601,Ronald A. Parise,Deceased,Payload Specialist,National Aeronautics and Space Administration,56.0,1951-05-24,2008-05-09,
547,Alvin Drew,Retired,Government,National Aeronautics and Space Administration,62.0,1962-11-05,,
122,Kenneth Ham,Retired,Government,National Aeronautics and Space Administration,60.0,1964-12-12,,
220,Julie Payette,Retired,Government,Canadian Space Agency,61.0,1963-10-20,,
412,Donald R. McMonagle,Retired,Government,National Aeronautics and Space Administration,73.0,1952-05-14,,
32,John Young,Deceased,Government,National Aeronautics and Space Administration,87.0,1930-09-24,2018-01-05,
475,Michael P. Anderson,Lost In Flight,Government,National Aeronautics and Space Administration,43.0,1959-12-28,2003-02-01,
548,Michael T. Good,Retired,Government,National Aeronautics and Space Administration,62.0,1962-10-13,,
455,Winston E. Scott,Retired,Government,National Aeronautics and Space Administration,75.0,1950-08-06,,
539,Dominic A. Antonelli,Retired,Government,National Aeronautics and Space Administration,58.0,1967-08-23,,
403,Charles D. Gemar,Retired,Government,National Aeronautics and Space Administration,70.0,1955-08-04,,
420,Mario Runco Jr.,Retired,Government,National Aeronautics and Space Administration,73.0,1952-01-26,,
503,Mike Massimino,Retired,Government,National Aeronautics and Space Administration,63.0,1962-08-19,,
219,Viktor Patsayev,Lost In Flight,Government,Russian Federal Space Agency (ROSCOSMOS),38.0,1933-06-19,1971-06-30,
93,Georgy Dobrovolsky,Lost In Flight,Government,Russian Federal Space Agency (ROSCOSMOS),43.0,1928-06-01,1971-06-30,
203,Chiaki Mukai,Retired,Government,Japan Aerospace Exploration Agency,73.0,1952-05-06,,
486,Stephen Frick,Retired,Government,National Aeronautics and Space Administration,60.0,1964-09-30,,
328,Robert Crippen,Retired,Government,National Aeronautics and Space Administration,87.0,1937-09-11,,
530,Leland D. Melvin,Retired,Government,National Aeronautics and Space Administration,61.0,1964-02-15,,
381,Kenneth D. Cameron,Retired,Government,National Aeronautics and Space Administration,75.0,1949-11-29,,
244,Hans Schlegel,Retired,Government,European Space Agency,74.0,1951-08-03,,
343,Brewster H. Shaw,Retired,Government,National Aeronautics and Space Administration,80.0,1945-05-16,,
361,Kathryn D. Sullivan,Retired,Government,National Aeronautics and Space Administration,73.0,1951-10-03,,
376,David Leestma,Retired,Government,National Aeronautics and Space Administration,76.0,1949-05-06,,
188,Steve MacLean,Retired,Government,Canadian Space Agency,70.0,1954-12-14,,
758,Walter Villadei,Active,Government,Italian Air Force,51.0,1974-04-29,,
774,Marcus Wandt,In-Training,Government,European Space Agency,44.0,1980-09-22,,
766,Alper Gezeravci,Active,Government,Turkish Air Force,45.0,1979-12-02,,
210,Andriyan Nikolayev,Deceased,Government,Russian Federal Space Agency (ROSCOSMOS),74.0,1929-09-05,2004-07-03,
33,Pete Conrad,Deceased,Government,National Aeronautics and Space Administration,69.0,1930-06-02,1999-06-08,
31,Thomas P. Stafford,Deceased,Government,National Aeronautics and Space Administration,93.0,1930-09-17,2024-03-18,
311,Ken Mattingly,Deceased,Government,National Aeronautics and Space Administration,87.0,1936-03-17,2023-10-31,
84,Valery Bykovsky,Deceased,Government,Russian Federal Space Agency (ROSCOSMOS),84.0,1934-08-02,2019-03-27,
189,Oleg Grigoryevich Makarov,Deceased,Government,Russian Federal Space Agency (ROSCOSMOS),70.0,1933-01-06,2003-05-28,
141,David Hilmers,Retired,Government,National Aeronautics and Space Administration,75.0,1950-01-28,,
348,James Buchli,Retired,Government,National Aeronautics and Space Administration,80.0,1945-06-20,,
384,Sidney M. Gutierrez,Retired,Government,National Aeronautics and Space Administration,74.0,1951-06-27,,
805,Sławosz Uznański,Active,Government,European Space Agency,41.0,1984-04-12,,
804,Shubhanshu Shukla,Active,Unknown,Indian Space Research Organization,39.0,1985-10-10,,
806,Tibor Kapu,Active,Government,Hungarian Ministry of Foreign Affairs and Trade,33.0,1991-11-05,,
129,Henry 'Hank' Hartsfield,Deceased,Government,National Aeronautics and Space Administration,80.0,1933-11-21,2014-07-14,
377,John M. Lounge,Deceased,Government,National Aeronautics and Space Administration,64.0,1946-06-28,2011-03-01,
481,Carlos I. Noriega,Retired,Government,National Aeronautics and Space Administration,65.0,1959-10-08,,
338,Frederick D. Gregory,Retired,Government,National Aeronautics and Space Administration,84.0,1941-01-07,,
588,Charles D. Walker,Retired,Government,National Aeronautics and Space Administration,77.0,1948-08-29,,
29,Frank Borman,Deceased,Government,National Aeronautics and Space Administration,95.0,1928-03-14,2023-11-07,
67,Yuri Baturin,Retired,Government,Russian Federal Space Agency (ROSCOSMOS),76.0,1949-06-12,,
243,Svetlana Savitskaya,Retired,Government,Russian Federal Space Agency (ROSCOSMOS),77.0,1948-08-08,,
98,Reinhold Ewald,Retired,Government,European Space Agency,68.0,1956-12-18,,
473,Susan Kilrain,Retired,Government,National Aeronautics and Space Administration,63.0,1961-10-24,,
614,Gregory T. Linteris,Retired,Payload Specialist,National Aeronautics and Space Administration,67.0,1957-10-04,,
613,Roger K. Crouch,Retired,Payload Specialist,National Aeronautics and Space Administration,84.0,1940-09-12,,
334,Michael Coats,Retired,Government,National Aeronautics and Space Administration,79.0,1946-01-16,,
124,Lloyd Hammond,Retired,Government,National Aeronautics and Space Administration,73.0,1952-01-16,,
326,Robert A. Parker,Retired,Government,National Aeronautics and Space Administration,88.0,1936-12-14,,
587,Byron K. Lichtenberg,Retired,Government,National Aeronautics and Space Administration,77.0,1948-02-19,,
201,Mamoru Mohri,Retired,Government,Japan Aerospace Exploration Agency,77.0,1948-01-29,,
95,Pedro Duque,Retired,Government,European Space Agency,62.0,1963-03-14,,
459,Mary Ellen Weber,Retired,Government,National Aeronautics and Space Administration,63.0,1962-01-01,,
175,Valeri Kubasov,Deceased,Government,Russian Federal Space Agency (ROSCOSMOS),79.0,1935-01-07,2014-02-19,
268,Michel Tognini,Retired,Government,European Space Agency,75.0,1949-09-30,,
227,Pavel Popovich,Deceased,Government,Russian Federal Space Agency (ROSCOSMOS),78.0,1930-10-05,2009-09-29,
127,Bernard Harris,Retired,Government,National Aeronautics and Space Administration,69.0,1956-06-26,,
396,Charles L. Veach,Deceased,Government,National Aeronautics and Space Administration,51.0,1944-09-18,1995-10-03,
130,"Frederick ""Rick"" Hauck",Retired,Government,National Aeronautics and Space Administration,84.0,1941-04-11,,
36,David Scott,Retired,Government,National Aeronautics and Space Administration,93.0,1932-06-06,,
114,Yury Glazkov,Deceased,Government,Russian Federal Space Agency (ROSCOSMOS),69.0,1939-10-02,2008-12-09,
436,Ronald M. Sega,Retired,Government,National Aeronautics and Space Administration,72.0,1952-12-04,,
355,George Nelson,Retired,Government,National Aeronautics and Space Administration,75.0,1950-07-13,,
655,Eytan Stibbe,Occasional Spaceflight,Private,Axiom Space,67.0,1958-01-12,,
656,Mark Pathy,Occasional Spaceflight,Private,Axiom Space,55.0,1970-01-01,,
654,Larry Connor,Occasional Spaceflight,Private,Axiom Space,75.0,1950-01-07,,
446,Charles E. Brady Jr.,Deceased,Government,National Aeronautics and Space Administration,54.0,1951-08-12,2006-07-23,
102,Jean-Jacques Favier,Deceased,Government,National Center of Space Research,73.0,1949-04-13,2023-03-19,
336,John Oliver Creighton,Retired,Government,National Aeronautics and Space Administration,82.0,1943-04-28,,
424,William G. Gregory,Retired,Government,National Aeronautics and Space Administration,68.0,1957-05-14,,
327,Karol J. Bobko,Deceased,Government,National Aeronautics and Space Administration,85.0,1937-12-23,2023-08-17,
344,Loren Shriver,Retired,Government,National Aeronautics and Space Administration,80.0,1944-09-23,,
368,Bryan D. O'Connor,Retired,Government,National Aeronautics and Space Administration,78.0,1946-09-06,,
499,Laurel Clark,Lost In Flight,Government,National Aeronautics and Space Administration,41.0,1961-03-10,2003-02-01,
494,David M. Brown,Lost In Flight,Government,National Aeronautics and Space Administration,46.0,1956-04-16,2003-02-01,
492,William C. McCool,Lost In Flight,Government,National Aeronautics and Space Administration,41.0,1961-09-23,2003-02-01,
229,Ilan Ramon,Lost In Flight,Government,Israeli Space Agency,48.0,1954-06-20,2003-02-01,
612,Albert Sacco,Retired,Payload Specialist,National Aeronautics and Space Administration,76.0,1949-05-03,,
611,Frederick W. Leslie,Retired,Payload Specialist,National Aeronautics and Space Administration,73.0,1951-12-19,,
615,Jay C. Buckey,Retired,Payload Specialist,National Aeronautics and Space Administration,69.0,1956-06-06,,
616,James A. Pawelczyk,Retired,Payload Specialist,National Aeronautics and Space Administration,64.0,1960-09-20,,
85,Maurizio Cheli,Retired,Government,European Space Agency,66.0,1959-05-04,,
62,Yury Artyukhin,Deceased,Government,Russian Federal Space Agency (ROSCOSMOS),68.0,1930-06-22,1998-08-04,
159,Leonid Kadeniuk,Deceased,Government,National Space Agency of Ukraine,67.0,1951-01-28,2018-01-31,
289,Naoko Yamazaki,Retired,Government,Japan Aerospace Exploration Agency,54.0,1970-12-27,,
554,James Dutton,Retired,Government,National Aeronautics and Space Administration,56.0,1968-11-20,,
561,Dorothy Metcalf-Lindenburger,Retired,Government,National Aeronautics and Space Administration,50.0,1975-05-15,,
354,Mike Mullane,Retired,Government,National Aeronautics and Space Administration,79.0,1945-09-10,,
297,Zhang Xiaoguang,Active,Government,China National Space Administration,59.0,1966-05-01,,
358,Sally Ride,Deceased,Government,National Aeronautics and Space Administration,61.0,1951-05-26,2012-07-23,
362,James van Hoften,Retired,Government,National Aeronautics and Space Administration,81.0,1944-06-11,,
371,James P. Bagian,Retired,Government,National Aeronautics and Space Administration,73.0,1952-02-22,,
28,James McDivitt,Deceased,Government,National Aeronautics and Space Administration,93.0,1929-06-10,2022-10-13,
351,Dale Gardner,Deceased,Government,National Aeronautics and Space Administration,65.0,1948-11-08,2014-02-19,
610,Martin J. Fettman,Retired,Payload Specialist,National Aeronautics and Space Administration,68.0,1956-12-31,,
387,James C. Adamson,Retired,Government,National Aeronautics and Space Administration,79.0,1946-03-03,,
498,Charles Camarda,Retired,Government,National Aeronautics and Space Administration,73.0,1952-05-08,,
137,José Hernández,Retired,Government,National Aeronautics and Space Administration,62.0,1962-09-07,,
221,Philippe Perrin,Retired,Government,National Center of Space Research,62.0,1963-01-06,,
606,Eugene H. Trinh,Retired,Payload Specialist,National Aeronautics and Space Administration,74.0,1950-09-14,,
605,Lawrence J. DeLucas,Retired,Payload Specialist,National Aeronautics and Space Administration,75.0,1950-07-11,,
138,John Herrington,Retired,Government,National Aeronautics and Space Administration,66.0,1958-09-14,,
778,Marina Vasilevskaya,In-Training,Government,Russian Federal Space Agency (ROSCOSMOS),,,,
414,Kenneth S. Reightler Jr.,Retired,Government,National Aeronautics and Space Administration,74.0,1951-03-24,,
366,Guy Gardner,Retired,Government,National Aeronautics and Space Administration,77.0,1948-01-06,,
349,John M. Fabian,Retired,Government,National Aeronautics and Space Administration,86.0,1939-01-28,,
319,Joseph P. Allen,Retired,Government,National Aeronautics and Space Administration,88.0,1937-06-27,,
419,Bruce E. Melnick,Retired,Government,National Aeronautics and Space Administration,75.0,1949-12-05,,
318,William E. Thornton,Deceased,Government,National Aeronautics and Space Administration,90.0,1929-04-14,2020-01-14,
312,Bruce McCandless II,Deceased,Government,National Aeronautics and Space Administration,80.0,1937-06-08,2017-12-21,
508,Paul W. Richards,Retired,Government,National Aeronautics and Space Administration,61.0,1964-05-20,,
39,Richard F. Gordon Jr.,Deceased,Government,National Aeronautics and Space Administration,88.0,1929-10-05,2017-11-06,
518,Gregory C. Johnson,Retired,Government,National Aeronautics and Space Administration,71.0,1954-07-30,,
520,William Oefelein,Dismissed,Government,National Aeronautics and Space Administration,60.0,1965-03-29,,
140,Joan Higginbotham,Retired,Government,National Aeronautics and Space Administration,61.0,1964-08-03,,
506,Lisa Nowak,Dismissed,Government,National Aeronautics and Space Administration,62.0,1963-05-10,,
529,Stanley G. Love,Retired,Government,National Aeronautics and Space Administration,60.0,1965-06-08,,
531,Barbara Morgan,Retired,Government,National Aeronautics and Space Administration,73.0,1951-11-28,,
184,Liu Wang,Active,Government,China National Space Administration,56.0,1969-03-25,,
27,Wally Schirra,Deceased,Government,National Aeronautics and Space Administration,84.0,1923-03-12,2007-05-03,
330,Robert F. Overmyer,Deceased,Government,National Aeronautics and Space Administration,59.0,1936-07-14,1996-03-22,
360,Robert L. Stewart,Retired,Government,National Aeronautics and Space Administration,83.0,1942-05-10,,
300,Alfred Worden,Deceased,Government,National Aeronautics and Space Administration,88.0,1932-02-07,2020-03-18,
346,Donald E. Williams,Deceased,Government,National Aeronautics and Space Administration,74.0,1942-02-13,2016-02-23,
620,Richard Garriott,Retired,Non-Astronaut Passenger,,64.0,1961-07-04,,
271,Bjarni Tryggvason,Deceased,Government,Canadian Space Agency,76.0,1945-09-21,2022-04-06,
58,Vladimir Aksyonov,Deceased,Government,Russian Federal Space Agency (ROSCOSMOS),89.0,1935-02-01,2024-04-09,
193,Yury Malyshev,Deceased,Government,Russian Federal Space Agency (ROSCOSMOS),58.0,1941-08-27,1999-11-08,
659,Klim Shipenko,Occasional Spaceflight,Non-Astronaut Passenger,Russian Federal Space Agency (ROSCOSMOS),42.0,1983-06-16,,
669,Yulia Peresild,Occasional Spaceflight,Non-Astronaut Passenger,Russian Federal Space Agency (ROSCOSMOS),37.0,1987-09-05,,
667,Yusaku Maezawa,Active,Private,Space Adventures,49.0,1975-11-22,,
668,Yozo Hirano,Occasional Spaceflight,Private,Space Adventures,40.0,1985-01-01,,
280,Igor Volk,Deceased,Government,Russian Federal Space Agency (ROSCOSMOS),79.0,1937-04-12,2017-01-03,
202,Boris Morukov,Deceased,Government,Russian Federal Space Agency (ROSCOSMOS),64.0,1950-10-01,2015-01-01,
264,Gerhard Thiele,Retired,Government,European Space Agency,72.0,1953-09-02,,
38,Michael Collins,Deceased,Government,National Aeronautics and Space Administration,90.0,1930-10-31,2021-04-28,
37,Gene Cernan,Deceased,Government,National Aeronautics and Space Administration,82.0,1934-03-14,2017-01-16,
485,Duane G. Carey,Retired,Government,National Aeronautics and Space Administration,68.0,1957-04-30,,
373,Mary L. Cleave,Deceased,Government,National Aeronautics and Space Administration,76.0,1947-02-05,2023-11-27,
621,Guy Laliberté,Retired,Non-Astronaut Passenger,,66.0,1959-09-02,,
484,Yi So-yeon,Retired,Government,Korean Astronaut Program,47.0,1978-06-02,,
254,Sheikh Muszaphar Shukor,Active,Government,Malaysian National Space Agency,53.0,1972-07-27,,
618,Anousheh Ansari,Retired,Non-Astronaut Passenger,,58.0,1966-09-12,,
105,Anatoly Filipchenko,Deceased,Government,Russian Federal Space Agency (ROSCOSMOS),94.0,1928-02-26,2022-08-07,
45,Donn F. Eisele,Deceased,Government,National Aeronautics and Space Administration,57.0,1930-06-23,1987-12-02,
44,Walter Cunningham,Deceased,Government,National Aeronautics and Space Administration,90.0,1932-03-16,2023-01-03,
504,Lee Morin,Retired,Government,National Aeronautics and Space Administration,72.0,1952-09-09,,
558,Robert Satcher,Retired,Government,National Aeronautics and Space Administration,59.0,1965-09-22,,
389,Mark N. Brown,Retired,Government,National Aeronautics and Space Administration,73.0,1951-11-18,,
43,Alan Bean,Deceased,Government,National Aeronautics and Space Administration,86.0,1932-03-15,2018-05-26,
47,Rusty Schweickart,Retired,Government,National Aeronautics and Space Administration,89.0,1935-10-25,,
286,Ulrich Walter,Retired,Government,German Aerospace Center,71.0,1954-02-09,,
629,Vladimir Shatalov,Deceased,Government,Russian Federal Space Agency (ROSCOSMOS),93.0,1927-12-08,2021-06-15,
380,Robert C. Springer,Retired,Government,National Aeronautics and Space Administration,83.0,1942-05-21,,
249,Yuri Shargin,Retired,Government,Russian Federal Space Agency (ROSCOSMOS),65.0,1960-03-20,,
622,Mark Shuttleworth,Retired,Non-Astronaut Passenger,,51.0,1973-09-18,,
225,Marcos Pontes,Active,Government,Brazilian Space Agency,62.0,1963-03-11,,
617,Gregory Olsen,Retired,Non-Astronaut Passenger,,80.0,1945-04-20,,
631,Nikolay Rukavishnikov,Deceased,Government,Russian Federal Space Agency (ROSCOSMOS),70.0,1932-09-18,2002-10-19,
57,Aidyn Aimbetov,Active,Government,National Space Agency of the Republic of Kazakhstan,53.0,1972-07-27,,
59,Aleksandr Panayotov Aleksandrov,Retired,Government,Bulgarian Space Agency,73.0,1951-12-01,,
173,Konstantin Kozeyev,Retired,Government,Russian Federal Space Agency (ROSCOSMOS),57.0,1967-12-01,,
24,Gordon Cooper,Deceased,Government,National Aeronautics and Space Administration,77.0,1927-03-06,2004-10-04,
305,Joe Engle,Deceased,Government,National Aeronautics and Space Administration,91.0,1932-08-26,2024-07-10,
4,Buzz Aldrin,Retired,Government,National Aeronautics and Space Administration,95.0,1930-01-20,,
681,John Shoffner,Occasional Spaceflight,Private,Axiom Space,70.0,1955-07-27,,
754,Rayyanah Barnawi,Active,Government,Saudi Space Agency,,,,
753,Ali AlQarni,Active,Government,Saudi Space Agency,,,,
25,John Glenn,Deceased,Government,National Aeronautics and Space Administration,95.0,1921-07-18,2016-12-08,
604,Millie Hughes-Fulford,Deceased,Government,National Aeronautics and Space Administration,75.0,1945-12-21,2021-02-04,
603,F. Drew Gaffney,Retired,Payload Specialist,National Aeronautics and Space Administration,79.0,1946-06-09,,
22,Deke Slayton,Deceased,Government,National Aeronautics and Space Administration,69.0,1924-03-01,1993-06-13,
315,Stuart Roosa,Deceased,Government,National Aeronautics and Space Administration,61.0,1933-08-16,1994-12-12,
630,Aleksei Yeliseyev,Retired,Government,Russian Federal Space Agency (ROSCOSMOS),91.0,1934-07-13,,
107,Dirk Frimout,Retired,Government,European Space Agency,84.0,1941-03-21,,
657,Jared Isaacman,Active,Private,SpaceX,42.0,1983-02-11,,
200,Abdul Ahad Mohmand,Retired,Government,Russian Federal Space Agency (ROSCOSMOS),66.0,1959-01-01,,
463,Joe F. Edwards Jr.,Retired,Government,National Aeronautics and Space Administration,67.0,1958-02-03,,
332,Richard H. Truly,Deceased,Government,National Aeronautics and Space Administration,86.0,1937-11-12,2024-02-27,
340,Jon McBride,Deceased,Government,National Aeronautics and Space Administration,80.0,1943-08-14,2024-08-07,
589,Paul Scully-Power,Retired,Government,National Aeronautics and Space Administration,81.0,1944-05-28,,
304,Charles Duke,Retired,Government,National Aeronautics and Space Administration,89.0,1935-10-03,,
80,Roberta Bondar,Retired,Government,Canadian Space Agency,79.0,1945-12-04,,
623,Dennis Tito,Retired,Non-Astronaut Passenger,,85.0,1940-08-08,,
350,Anna Lee Fisher,Retired,Government,National Aeronautics and Space Administration,76.0,1949-08-24,,
353,Ronald McNair,Lost In Flight,Government,National Aeronautics and Space Administration,35.0,1950-10-21,1986-01-28,
191,Franco Malerba,Retired,Government,Italian Space Agency,78.0,1946-10-10,,
100,Muhammed Faris,Retired,Government,Russian Federal Space Agency (ROSCOSMOS),74.0,1951-05-26,,
134,Thomas Hennen,Retired,Government,National Aeronautics and Space Administration,73.0,1952-08-17,,
365,Roy D. Bridges Jr.,Retired,Government,National Aeronautics and Space Administration,82.0,1943-07-19,,
133,Karl Henize,Deceased,Government,National Aeronautics and Space Administration,66.0,1926-10-17,1993-10-05,
594,John-David F. Bartoe,Retired,Government,US Navy,80.0,1944-11-17,,
593,Loren Acton,Retired,Payload Specialist,Lockheed Martin,89.0,1936-03-07,,
329,C. Gordon Fullerton,Deceased,Government,National Aeronautics and Space Administration,76.0,1936-10-11,2013-08-21,
321,Anthony W. England,Retired,Government,National Aeronautics and Space Administration,83.0,1942-05-15,,
418,Mae Jemison,Retired,Government,National Aeronautics and Space Administration,68.0,1956-10-17,,
231,Vladimír Remek,Retired,Government,Russian Federal Space Agency (ROSCOSMOS),76.0,1948-09-26,,
64,Toktar Aubakirov,Retired,Government,Russian Federal Space Agency (ROSCOSMOS),79.0,1946-07-27,,
276,Franz Viehböck,Retired,Government,Austrian Space Agency,65.0,1960-08-24,,
136,Mirosław Hermaszewski,Retired,Government,Russian Federal Space Agency (ROSCOSMOS),83.0,1941-09-15,,
182,Anatoli Levchenko,Deceased,Government,Russian Federal Space Agency (ROSCOSMOS),47.0,1941-05-05,1988-08-06,
106,Klaus-Dietrich Flade,Retired,Government,German Aerospace Center,73.0,1952-08-21,,
76,Ivan Bella,Retired,Government,Russian Federal Space Agency (ROSCOSMOS),61.0,1964-05-25,,
628,Toyohiro Akiyama,Retired,Non-Astronaut Passenger,,83.0,1942-06-22,,
251,Rakesh Sharma,Retired,Government,Russian Federal Space Agency (ROSCOSMOS),76.0,1949-01-13,,
245,Helen Sharman,Retired,Government,Russian Federal Space Agency (ROSCOSMOS),62.0,1963-05-30,,
640,Hazza Al Mansouri,Active,Government,Mohammed bin Rashid Space Centre,41.0,1983-12-13,,
156,Sigmund Jähn,Deceased,Government,Russian Federal Space Agency (ROSCOSMOS),82.0,1937-02-13,2019-09-21,
101,Bertalan Farkas,Retired,Government,Russian Federal Space Agency (ROSCOSMOS),76.0,1949-08-02,,
261,Arnaldo Tamayo Méndez,Retired,Government,Russian Federal Space Agency (ROSCOSMOS),83.0,1942-01-29,,
119,Jügderdemidiin Gürragchaa,Retired,Government,Russian Federal Space Agency (ROSCOSMOS),77.0,1947-12-05,,
222,Phạm Tuân,Retired,Government,Russian Federal Space Agency (ROSCOSMOS),78.0,1947-02-14,,
228,Dumitru Prunariu,Retired,Government,Russian Federal Space Agency (ROSCOSMOS),72.0,1952-09-27,,
308,James Irwin,Deceased,Government,National Aeronautics and Space Administration,61.0,1930-03-17,1991-08-08,
375,William Frederick Fisher,Retired,Government,National Aeronautics and Space Administration,79.0,1946-04-01,,
241,Sultan bin Salman Al Saud,Retired,Non-Astronaut Passenger,Space Research Institute of Saudi Arabia,69.0,1956-06-27,,
75,Patrick Baudry,Retired,Government,National Center of Space Research,79.0,1946-03-06,,
213,Wubbo Ockels,Deceased,Government,European Space Agency,68.0,1946-03-28,2014-05-18,
197,Ernst Messerschmid,Retired,Government,German Aerospace Center,80.0,1945-05-21,,
109,Reinhard Furrer,Deceased,Government,German Aerospace Center,54.0,1940-11-25,1995-09-09,
181,Alexey Leonov,Deceased,Government,Russian Federal Space Agency (ROSCOSMOS),85.0,1934-05-30,2019-10-11,
784,Taylor Gun-Jin Wang,Retired,Government,National Aeronautics and Space Administration,85.0,1940-06-16,,
592,Lodewijk van den Berg,Deceased,Government,National Aeronautics and Space Administration,90.0,1932-03-24,2022-10-16,
309,Don L. Lind,Deceased,Government,National Aeronautics and Space Administration,92.0,1930-05-18,2022-08-30,
591,Edwin Jacob Garn,Retired,Non-Astronaut Passenger,National Aeronautics and Space Administration,92.0,1932-10-12,,
339,S. David Griggs,Died While In Active Service,Government,National Aeronautics and Space Administration,49.0,1939-09-07,1989-06-17,
342,Dick Scobee,Lost In Flight,Government,National Aeronautics and Space Administration,46.0,1939-05-19,1986-01-28,
128,Terry Hart,Retired,Government,National Aeronautics and Space Administration,78.0,1946-10-27,,
206,Rodolfo Neri Vela,Retired,Government,National Aeronautics and Space Administration,73.0,1952-02-19,,
379,Sherwood C. Spring,Retired,Government,National Aeronautics and Space Administration,80.0,1944-09-03,,
41,William Anders,Deceased,Government,National Aeronautics and Space Administration,90.0,1933-10-17,2024-06-07,
597,Robert J. Cenker,Retired,Payload Specialist,National Aeronautics and Space Administration,76.0,1948-11-05,,
596,Bill Nelson,Retired,Non-Astronaut Passenger,National Aeronautics and Space Administration,82.0,1942-09-29,,
21,Alan Shepard,Deceased,Government,National Aeronautics and Space Administration,74.0,1923-11-18,1998-07-21,
313,Edgar Mitchell,Deceased,Government,National Aeronautics and Space Administration,85.0,1930-09-17,2016-02-04,
357,Judith Resnik,Lost In Flight,Government,National Aeronautics and Space Administration,36.0,1949-04-05,1986-01-28,
49,Fred Haise,Retired,Government,National Aeronautics and Space Administration,91.0,1933-11-14,,
316,Jack Swigert,Deceased,Government,National Aeronautics and Space Administration,51.0,1931-08-30,1982-12-27,
30,Neil Armstrong,Deceased,Government,National Aeronautics and Space Administration,82.0,1930-08-05,2012-08-25,
322,William B. Lenoir,Deceased,Government,National Aeronautics and Space Administration,71.0,1939-03-14,2010-08-26,
